model,prediction_percentile_bin,n_asset_dates,mean_prediction_rank,mean_prediction,mean_raw_return_decimal,median_raw_return_decimal,mean_realized_rank,mean_absolute_rank_error,mean_signed_prediction_return_decimal
FinPFN,1,3575,0.025,-0.5421296884463384,-0.00948561849510505,-0.033794,0.42576363636363634,0.4036302097902098,0.00948561849510505
FinPFN,2,3575,0.075,-0.3794679747219686,0.005202960050349548,-0.010752999999999999,0.46496755244755245,0.40272839160839163,-0.005202960050349548
FinPFN,3,3575,0.125,-0.30036406009764105,0.008543911608391535,-0.005432,0.4790923076923077,0.3831742657342657,-0.008543911608391535
FinPFN,4,3575,0.175,-0.24645059536387037,0.009752660117482465,0.001696,0.4895583216783217,0.35944335664335664,-0.009752660117482465
FinPFN,5,3575,0.225,-0.20508070917813095,0.008701585902097858,0.0043,0.49429622377622373,0.3388514685314685,-0.008701585902097858
FinPFN,6,3575,0.275,-0.17124570962015565,0.007871700436363602,0.00443,0.4888741258741259,0.30585174825174827,-0.007871700436363602
FinPFN,7,3575,0.325,-0.14253138224197018,0.004493796419580405,0.0006900000000000001,0.48202601398601397,0.2813840559440559,-0.004493796419580405
FinPFN,8,3575,0.375,-0.1173131989948191,0.010527284184615357,0.006042,0.5009625174825175,0.26599384615384614,-0.010246315793006968
FinPFN,9,3575,0.425,-0.09399848058536467,0.009989891518881092,0.006795,0.503361958041958,0.2554282517482518,-0.0073759532475524275
FinPFN,10,3575,0.475,-0.07319782676191519,0.011008968447552432,0.007459,0.506986013986014,0.2380481118881119,0.005339107625174813
FinPFN,11,3575,0.525,-0.05365427243692631,0.01265652238321676,0.008443,0.5107532867132867,0.23422209790209791,0.01265652238321676
FinPFN,12,3575,0.575,-0.03424612726224912,0.013528568352447534,0.007866,0.5134559440559441,0.23407216783216783,0.013528568352447534
FinPFN,13,3575,0.625,-0.015154015077571092,0.014183304330069917,0.010437,0.5201373426573427,0.23374657342657343,0.014183304330069917
FinPFN,14,3575,0.675,0.0034944500814849786,0.011408226103496495,0.009615,0.515220979020979,0.2416218181818182,0.011408226103496495
FinPFN,15,3575,0.725,0.022847872826472656,0.01195381028251747,0.009455999999999999,0.5149983216783216,0.26427412587412585,0.01195381028251747
FinPFN,16,3575,0.775,0.043027720819390214,0.01344505994965034,0.011158,0.5244836363636364,0.28587860139860144,0.01344505994965034
FinPFN,17,3575,0.825,0.0653055010053453,0.011591364128671316,0.010762,0.5179415384615385,0.3251574825174825,0.011591364128671316
FinPFN,18,3575,0.875,0.09188725214855342,0.01230084133146852,0.010471,0.5192696503496503,0.3632078321678322,0.01230084133146852
FinPFN,19,3575,0.925,0.1261274959939252,0.011804794679720267,0.009757,0.5176987412587413,0.40997090909090905,0.011804794679720267
FinPFN,20,3575,0.975,0.22169931696428286,0.01321654408951042,0.009929,0.510151888111888,0.4655261538461538,0.01321654408951042
LightGBM,1,3575,0.025,-3.8131205321132984,-0.013169269795804319,-0.024234,0.42955440559440555,0.4071132867132867,0.013169269795804319
LightGBM,2,3575,0.075,-2.0631346935647907,0.004523408050349577,0.000972,0.47919132867132863,0.4140777622377622,-0.004523408050349577
LightGBM,3,3575,0.125,-1.343590699751807,0.007919769773426533,0.004497,0.4914179020979021,0.38421146853146854,-0.007919769773426533
LightGBM,4,3575,0.175,-0.8980094690464554,0.0034357883356643136,0.004893,0.48669510489510487,0.3428962237762238,-0.0034357883356643136
LightGBM,5,3575,0.225,-0.5606725385684709,0.006583057706293684,0.00624,0.49603776223776225,0.3152704895104895,-0.006583057706293684
LightGBM,6,3575,0.275,-0.2791686948298912,0.009972249376223753,0.007553,0.5053781818181818,0.29446657342657345,-0.009972249376223753
LightGBM,7,3575,0.325,-0.018735841520655758,0.008959873493706269,0.006641,0.5019974825174826,0.2666702097902098,-0.009419601605594382
LightGBM,8,3575,0.375,0.22647621566650875,0.012112043843356618,0.00831,0.5104097902097902,0.2516827972027972,-0.01379853198881117
LightGBM,9,3575,0.425,0.45822772195035316,0.005184638718881103,0.005805,0.4916595804195804,0.2411793006993007,-0.007767304206992997
LightGBM,10,3575,0.475,0.6752548348571332,0.008926685247552435,0.007287,0.5005121678321678,0.23652867132867134,-0.0011238608223776193
LightGBM,11,3575,0.525,0.8722836296674868,0.013198593991608368,0.009661999999999999,0.5128081118881119,0.23664167832167832,0.006547903395804178
LightGBM,12,3575,0.575,1.056370880651738,0.010245824050349637,0.007937,0.5049043356643357,0.23934657342657342,0.009532625169230756
LightGBM,13,3575,0.625,1.2343764261505064,0.013388396072727245,0.011429,0.5151969230769231,0.24849958041958042,0.012958109639160813
LightGBM,14,3575,0.675,1.4172737013317547,0.014707612330069909,0.010452999999999999,0.5177916083916084,0.26079776223776224,0.014707612330069909
LightGBM,15,3575,0.725,1.6051335545916767,0.01415439996083914,0.010556000000000001,0.5174251748251748,0.2819278321678321,0.01415439996083914
LightGBM,16,3575,0.775,1.8078666374965442,0.012888318651748224,0.008526,0.5121552447552448,0.3113493706293706,0.012888318651748224
LightGBM,17,3575,0.825,2.047057706054175,0.014019934254545428,0.0103,0.5151946853146853,0.34176615384615383,0.014019934254545428
LightGBM,18,3575,0.875,2.3494794781474995,0.0113614815384615,0.006452,0.501568951048951,0.38999272727272727,0.0113614815384615
LightGBM,19,3575,0.925,2.807972902439757,0.017595333068531428,0.009615,0.5158637762237762,0.4164111888111888,0.017595333068531428
LightGBM,20,3575,0.975,4.491124150389606,0.016688037152447432,0.002187,0.4942374825174825,0.48226853146853144,0.016688037152447432
Ridge,1,3575,0.025,-1.256260845811217,-0.003628651239160885,-0.006102,0.46456531468531465,0.4412145454545454,0.003628651239160885
Ridge,2,3575,0.075,-0.5561675067381425,0.0004741345846153295,-0.001992,0.47112027972027976,0.4052,-0.0004741345846153295
Ridge,3,3575,0.125,-0.2153716110182809,0.004402338657342605,0.002065,0.4824041958041958,0.37846713286713285,-0.004402338657342605
Ridge,4,3575,0.175,0.029771506819691693,0.0020670799552447226,0.0038840000000000003,0.4826895104895105,0.34413034965034967,-0.0020670799552447226
Ridge,5,3575,0.225,0.22440978965559205,0.009107007351048914,0.005877,0.4966654545454545,0.3265476923076923,-0.009107007351048914
Ridge,6,3575,0.275,0.39057725784661884,0.008714637219580386,0.0054069999999999995,0.4962637762237762,0.2962758041958042,-0.008714637219580386
Ridge,7,3575,0.325,0.5392427410445847,0.008735554422377589,0.006,0.4947074125874126,0.27257846153846155,-0.008735554422377589
Ridge,8,3575,0.375,0.6777789654765096,0.011436954981818149,0.00755,0.5067941258741259,0.2619893706293706,-0.011436954981818149
Ridge,9,3575,0.425,0.80734308751313,0.009160069482517451,0.008786,0.5035890909090909,0.24591216783216782,-0.00931913130069927
Ridge,10,3575,0.475,0.9293046518972704,0.00894787336503493,0.006768,0.4998945454545455,0.23120839160839163,-0.005226284867132838
Ridge,11,3575,0.525,1.0507860854622368,0.012281608783216753,0.008649,0.5088344055944056,0.23827244755244753,0.008006058450349624
Ridge,12,3575,0.575,1.1765662569933004,0.010703967132867096,0.006645,0.5034358041958041,0.24341762237762238,0.01059071286713283
Ridge,13,3575,0.625,1.3050956650380487,0.013521640671328642,0.009611,0.5137854545454545,0.2456481118881119,0.013521640671328642
Ridge,14,3575,0.675,1.4386465000939537,0.011358077376223744,0.007062000000000001,0.5048455944055944,0.26845146853146856,0.011358077376223744
Ridge,15,3575,0.725,1.5829510110908456,0.009065895278321648,0.008333,0.5028847552447553,0.2898500699300699,0.009065895278321648
Ridge,16,3575,0.775,1.7384997344183755,0.010046116755244725,0.006321,0.5037938461538461,0.318819020979021,0.010046116755244725
Ridge,17,3575,0.825,1.921731759851629,0.016960754265734228,0.009804,0.5172937062937063,0.33898125874125873,0.016960754265734228
Ridge,18,3575,0.875,2.1493369916102267,0.015322570366433532,0.010719000000000001,0.5169144055944056,0.37423999999999996,0.015322570366433532
Ridge,19,3575,0.925,2.466189904913202,0.014545710131468494,0.007905,0.5121826573426573,0.4188313286713287,0.014545710131468494
Ridge,20,3575,0.975,3.1249962040427683,0.019472836279720226,0.009408,0.5173356643356644,0.4587507692307692,0.019472836279720226
TabPFN,1,3575,0.025,-1.4911781415405807,0.006059566030769085,-0.009091,0.4709255944055944,0.4482786013986014,-0.006059566030769085
TabPFN,2,3575,0.075,-0.7881060107021065,0.005880267446153779,0.002392,0.4871890909090909,0.42218517482517487,-0.005880267446153779
TabPFN,3,3575,0.125,-0.5380088570443067,0.0074230396979020445,0.003469,0.489504055944056,0.3842187412587413,-0.0074230396979020445
TabPFN,4,3575,0.175,-0.40226991208700036,0.009252638993006965,0.004729,0.5004433566433567,0.35945846153846156,-0.009252638993006965
TabPFN,5,3575,0.225,-0.311852777164716,0.011162160822377584,0.005857,0.5012696503496503,0.32167608391608393,-0.011162160822377584
TabPFN,6,3575,0.275,-0.243084131470927,0.014556515854545427,0.0074670000000000005,0.5128455944055944,0.30193062937062937,-0.014556515854545427
TabPFN,7,3575,0.325,-0.18839429939413196,0.010359095809790185,0.008006,0.5059057342657343,0.2735088111888112,-0.010430818327272703
TabPFN,8,3575,0.375,-0.13836645081636034,0.014483934288111868,0.009248,0.5183303496503496,0.2549387412587412,-0.014279749113286694
TabPFN,9,3575,0.425,-0.09185956645493194,0.009209823149650338,0.007396000000000001,0.5056668531468531,0.2380744055944056,-0.007537737432167823
TabPFN,10,3575,0.475,-0.04830668711158857,0.007357519530069921,0.007722,0.5004903496503497,0.23079944055944054,-0.003623313655944047
TabPFN,11,3575,0.525,-0.004799480513389502,0.008091324464335638,0.007647,0.49978993006993006,0.22873230769230768,0.0015690929902097874
TabPFN,12,3575,0.575,0.03894051820212337,0.012006406987412574,0.010989,0.5145362237762238,0.23408727272727273,0.005189698925874122
TabPFN,13,3575,0.625,0.08613685165610087,0.014758882355244739,0.009615,0.5161250349650349,0.2400704895104895,0.011880431759440549
TabPFN,14,3575,0.675,0.13486502247540136,0.010371938142657322,0.008122,0.5061848951048952,0.26259076923076924,0.009451333946853128
TabPFN,15,3575,0.725,0.18913605040577533,0.011231536430769205,0.008669,0.5093446153846154,0.2815138461538461,0.011231536430769205
TabPFN,16,3575,0.775,0.2535360178726536,0.013895568593006953,0.008986,0.5101367832167832,0.31201958041958044,0.013895568593006953
TabPFN,17,3575,0.825,0.33628686114207845,0.007752998282517463,0.0070420000000000005,0.49774573426573426,0.3535121678321678,0.007752998282517463
TabPFN,18,3575,0.875,0.4586312158166112,0.007149348179020953,0.005803,0.4950486713286713,0.39385006993007,0.007149348179020953
TabPFN,19,3575,0.925,0.690480140672697,0.005934448811188774,0.003401,0.4836864335664336,0.44780419580419584,0.005934448811188774
TabPFN,20,3575,0.975,1.5193214660757905,0.005759161952447464,-0.001991,0.47483104895104894,0.5015351048951049,0.005759161952447464
